index,score,text,empty,index,score,text
338,0.99999273,"Last year, our brave ICE officers arrested more than 120,000 criminal aliens charged with nearly 10,000 burglaries, 5,000 sexual assaults, 45,000 violent assaults, and 2,000 murders.",,338,0.84448903,"Last year, our brave ICE officers arrested more than 120,000 criminal aliens charged with nearly 10,000 burglaries, 5,000 sexual assaults, 45,000 violent assaults, and 2,000 murders."
380,0.99999237,"Over the last 24 months, Agent Ortiz and his team have seized more than 200,000 pounds of poisonous narcotics, arrested more than 3,000 human smugglers, and rescued more than 2,000 migrants.",,32,0.82947521,"Since my election, we have created 7 million new jobs ‚Äî 5 million more than government experts projected during the previous administration."
251,0.99999118,"Over 130 legislators in this chamber have endorsed legislation that would bankrupt our nation by providing free taxpayer-funded healthcare to millions of illegal aliens, forcing taxpayers to subsidize free care for anyone in the world who unlawfully crosses our borders.",,380,0.8267315,"Over the last 24 months, Agent Ortiz and his team have seized more than 200,000 pounds of poisonous narcotics, arrested more than 3,000 human smugglers, and rescued more than 2,000 migrants."
366,0.99999082,"In the last three years, ICE has arrested over 5,000 wicked human traffickers.",,104,0.8118402,"After losing 60,000 factories under the previous two administrations, America has now gained 12,000 new factories under my administration, with thousands upon thousands of plants and factories being planned or being built."
113,0.99998903,"Following NAFTA‚Äôs adoption, our nation lost one in four manufacturing jobs.",,64,0.79905048,"Since my election, the net worth of the bottom half of wage earners has increased by 47 percent ‚Äî three times faster than the increase for the top 1 percent."
59,0.99998879,"Under my administration, 7 million Americans have come off food stamps, and 10 million people have been lifted off of welfare.",,248,0.78635687,"AUDIENCE: Booo ‚Äî
 
 THE PRESIDENT: One hundred thirty-two lawmakers in this room have endorsed legislation to impose a socialist takeover of our healthcare system, wiping out the private health insurance plans of 180 million very happy Americans."
376,0.99998868,"As a result of our unprecedented efforts, illegal crossings are down 75 percent since May, dropping eight straight months in a row.",,78,0.78532487,"All of those millions of people with 401(k)s and pensions are doing far better than they have ever done before with increases of 60, 70, 80, 90, and 100 percent, and even more."
61,0.99998832,"In eight years under the last administration, over 300,000 working-age people dropped out of the workforce.",,59,0.78350162,"Under my administration, 7 million Americans have come off food stamps, and 10 million people have been lifted off of welfare."
32,0.99998605,"Since my election, we have created 7 million new jobs ‚Äî 5 million more than government experts projected during the previous administration.",,72,0.77122854,"Since my election, U.S. stock markets have soared 70 percent, adding more than $12 trillion to our nation‚Äôs wealth, transcending anything anyone believed was possible."
160,0.99998605,"To safeguard American liberty, we have invested a record-breaking $2.2 trillion in the United States military.",,166,0.76282454,"I have raised contributions from the other NATO members by more than $400 billion, and the number of Allies meeting their minimum obligations has more than doubled."
416,0.99998558,"Three years ago, the barbarians of ISIS held over 20,000 square miles of territory in Iraq and Syria.",,278,0.75061298,"Among the states hardest hit, Ohio is down 22 percent, Pennsylvania is down 18 percent, Wisconsin is down 10 percent ‚Äî and we will not quit until we have beaten the opioid epidemic once and for all."
278,0.99998486,"Among the states hardest hit, Ohio is down 22 percent, Pennsylvania is down 18 percent, Wisconsin is down 10 percent ‚Äî and we will not quit until we have beaten the opioid epidemic once and for all.",,58,0.74555766,"Under the last administration, more than 10 million people were added to the food stamp rolls."
141,0.99998379,"The United States is leading a 59-nation diplomatic coalition against the socialist dictator of Venezuela, Nicol√°s Maduro.",,66,0.71069001,"After decades of flat and falling incomes, wages are rising fast ‚Äî and, wonderfully, they are rising fastest for low-income workers, who have seen a 16 percent pay increase since my election."
346,0.99998355,"In December 2018, California police detained an illegal alien with five prior arrests, including convictions for robbery and assault.",,416,0.69886422,"Three years ago, the barbarians of ISIS held over 20,000 square miles of territory in Iraq and Syria."
72,0.99998295,"Since my election, U.S. stock markets have soared 70 percent, adding more than $12 trillion to our nation‚Äôs wealth, transcending anything anyone believed was possible.",,376,0.69292364,"As a result of our unprecedented efforts, illegal crossings are down 75 percent since May, dropping eight straight months in a row."
414,0.99998116,"Last week, I announced a groundbreaking plan for peace between Israel and the Palestinians.",,322,0.68092062,"Forty million American families have an average $2,200 extra thanks to our child tax credit."
263,0.99998093,"We have approved a record number of affordable generic drugs, and medicines are being approved by the FDA at a faster clip than ever before.",,324,0.66950836,"I‚Äôve also overseen historic funding increases for high-quality child care, enabling 17 states to help more children, many of which have reduced or eliminated their waitlists altogether."
58,0.99998033,"Under the last administration, more than 10 million people were added to the food stamp rolls.",,79,0.66227705,"Jobs and investments are pouring into 9,000 previously neglected neighborhoods thanks to Opportunity Zones, a plan spearheaded by Senator Tim Scott as part of our great Republican tax cuts."
260,0.99997938,We have now completed over 100 miles and have over 500 miles fully completed in a very short period of time.,,62,0.65426223,"In just three years of my administration, 3.5 million people ‚Äî working-age people ‚Äî have joined the workforce."
166,0.99997866,"I have raised contributions from the other NATO members by more than $400 billion, and the number of Allies meeting their minimum obligations has more than doubled.",,61,0.65129871,"In eight years under the last administration, over 300,000 working-age people dropped out of the workforce."
208,0.99997771,"But last year, that future was put further out of reach when Pennsylvania‚Äôs governor vetoed legislation to expand school choice to 50,000 children.",,251,0.6501854,"Over 130 legislators in this chamber have endorsed legislation that would bankrupt our nation by providing free taxpayer-funded healthcare to millions of illegal aliens, forcing taxpayers to subsidize free care for anyone in the world who unlawfully crosses our borders."
392,0.99997699,"Working with Senate Majority Leader Mitch McConnell ‚Äî thank you, Mitch ‚Äî (applause) ‚Äî and his colleagues in the Senate, we have confirmed a record number of 187 new federal judges to uphold our Constitution as written.",,167,0.64961292,"And just weeks ago, for the first time since President Truman established the Air Force more than 70 years earlier, we created a brand-new branch of the United States Armed Forces."
276,0.99997664,Drug overdose deaths declined for the first time in nearly 30 years.,,48,0.64781097,"And, last year, women filled 72 percent of all new jobs added."
79,0.99997485,"Jobs and investments are pouring into 9,000 previously neglected neighborhoods thanks to Opportunity Zones, a plan spearheaded by Senator Tim Scott as part of our great Republican tax cuts.",,225,0.64421657,"Through our Pledge to American Workers, over 400 companies will also provide new jobs and education opportunities to almost 15 million Americans."
104,0.99997449,"After losing 60,000 factories under the previous two administrations, America has now gained 12,000 new factories under my administration, with thousands upon thousands of plants and factories being planned or being built.",,366,0.64015623,"In the last three years, ICE has arrested over 5,000 wicked human traffickers."
326,0.99997318,"And I sent Congress a plan with a vision to further expand access to high-quality child care, and urge you to act immediately.",,36,0.63754519,"And very incredibly, the average unemployment rate under my administration is lower than any administration in the history of our country."
54,0.99997163,Workers without a high school diploma have achieved the lowest unemployment rate recorded in U.S. history.,,232,0.63035329,"Before I took office, health insurance premiums had more than doubled in just five years."
248,0.99996412,"AUDIENCE: Booo ‚Äî
 
 THE PRESIDENT: One hundred thirty-two lawmakers in this room have endorsed legislation to impose a socialist takeover of our healthcare system, wiping out the private health insurance plans of 180 million very happy Americans.",,185,0.63008765,"After more than 130 combat missions in World War Two, he came back home to a country still struggling for civil rights and went on to serve America in Korea and Vietnam."
167,0.99996138,"And just weeks ago, for the first time since President Truman established the Air Force more than 70 years earlier, we created a brand-new branch of the United States Armed Forces.",,499,0.62827406,"Our ancestors braved the unknown; tamed the wilderness; settled the Wild West; lifted millions from poverty, disease, and hunger; vanquished tyranny and fascism; ushered the world to new heights of science and medicine; laid down the railroads, dug out the canals, raised up the skyscrapers."
64,0.99995935,"Since my election, the net worth of the bottom half of wage earners has increased by 47 percent ‚Äî three times faster than the increase for the top 1 percent.",,260,0.61960059,We have now completed over 100 miles and have over 500 miles fully completed in a very short period of time.
41,0.99995923,"The unemployment rate for African Americans, Hispanic Americans, and Asian Americans has reached the lowest levels in history.",,208,0.61676969,"But last year, that future was put further out of reach when Pennsylvania‚Äôs governor vetoed legislation to expand school choice to 50,000 children."
43,0.99995923,African American youth unemployment has reached an all-time low.,,425,0.61045252,"I‚Äôve known for some time what my life‚Äôs work is, using my hands as tools to relieve suffering.‚Äù In 2013, while caring for suffering civilians in Syria, Kayla was kidnapped, tortured, and enslaved by ISIS, and kept as a prisoner of al-Baghdadi himself."
98,0.9999578,"Thanks to our bold regulatory reduction campaign, the United States has become the number one producer of oil and natural gas anywhere in the world, by far.",,346,0.60424656,"In December 2018, California police detained an illegal alien with five prior arrests, including convictions for robbery and assault."
66,0.99995708,"After decades of flat and falling incomes, wages are rising fast ‚Äî and, wonderfully, they are rising fastest for low-income workers, who have seen a 16 percent pay increase since my election.",,41,0.59804252,"The unemployment rate for African Americans, Hispanic Americans, and Asian Americans has reached the lowest levels in history."
129,0.99995422,"Days ago, we signed the groundbreaking new agreement with China that will defend our workers, protect our intellectual property, bring billions and billions of dollars into our treasury, and open vast new markets for products made and grown right here in the USA.",,160,0.59689209,"To safeguard American liberty, we have invested a record-breaking $2.2 trillion in the United States military."
342,0.9999516,"The killer had been previously arrested for assault, but under New York‚Äôs sanctuary policies, he was set free.",,370,0.59117085,"Before I came into office, if you showed up illegally on our southern border and were arrested, you were simply released and allowed into our country, never to be seen again."
428,0.99994147,"On the night that U.S. Special Forces Operations ended al-Baghdadi‚Äôs miserable life, the Chairman of the Joint Chiefs of Staff, General Mark Milley, received a call in the Situation Room.",,417,0.58158872,"Today, the ISIS territorial caliphate has been 100 percent destroyed, and the founder and leader of ISIS ‚Äî the bloodthirsty killer known as al-Baghdadi ‚Äî is dead."
322,0.99993777,"Forty million American families have an average $2,200 extra thanks to our child tax credit.",,118,0.57135009,"Six days ago, I replaced NAFTA and signed the brand-new U.S.-Mexico-Canada Agreement into law."
367,0.99993372,"And I have signed nine pieces of legislation to stamp out the menace of human trafficking, domestically and all around the globe.",,47,0.55967835,The unemployment rate for women reached the lowest level in almost 70 years.
449,0.99992955,"The terrorist responsible for killing Sergeant Hake was Qasem Soleimani, who provided the deadly roadside bomb that took Chris‚Äôs life.",,234,0.55714973,Our new plans are up to 60 percent less expensive ‚Äî and better.
232,0.99992895,"Before I took office, health insurance premiums had more than doubled in just five years.",,265,0.54729701,"And I was pleased to announce last year that, for the first time in 51 years, the cost of prescription drugs actually went down."
48,0.99992847,"And, last year, women filled 72 percent of all new jobs added.",,313,0.54256332,That is why I‚Äôm asking Congress to provide an additional $50 million to fund neonatal research for America‚Äôs youngest patients.
341,0.99992573,"Just 29 days ago, a criminal alien freed by the sanctuary city of New York was charged with the brutal rape and murder of a 92-year-old woman.",,429,0.54191061,He was told that the brave men of the elite Special Forces team that so perfectly carried out the operation had given their mission a name: ‚ÄúTask Force 8-14.‚Äù It was a reference to a special day: August 14th ‚Äî Kayla‚Äôs birthday.
56,0.99991572,A record number of young Americans are now employed.,,498,0.54184325,"The American nation was carved out of the vast frontier by the toughest, strongest, fiercest, and most determined men and women ever to walk on the face of the Earth."
265,0.99990237,"And I was pleased to announce last year that, for the first time in 51 years, the cost of prescription drugs actually went down.",,26,0.54117665,"From the instant I took office, I moved rapidly to revive the U.S. economy ‚Äî slashing a record number of job-killing regulations, enacting historic and record-setting tax cuts, and fighting for fair and reciprocal trade agreements."
125,0.99990177,This is the first major trade deal in many years to earn the strong backing of America‚Äôs labor unions.,,426,0.53516495,"After more than 500 horrifying days of captivity, al-Baghdadi murdered young, beautiful Kayla."
450,0.99990106,"Soleimani was the Iranian regime‚Äôs most ruthless butcher, a monster who murdered or wounded thousands of American service members in Iraq.",,344,0.53505137,The state of California passed an outrageous law declaring their whole state to be a sanctuary for criminal illegal immigrants ‚Äî a very terrible sanctuary ‚Äî with catastrophic results.
100,0.99989903,"With the tremendous progress we have made over the past three years, America is now energy independent, and energy jobs, like so many other elements of our country, are at a record high.",,475,0.53200839,"War places a heavy burden on our nation‚Äôs extraordinary military families, especially spouses like Amy Williams from Fort Bragg, North Carolina, and her two children ‚Äî six-year-old Elliana and three-year-old Rowan."
417,0.99989676,"Today, the ISIS territorial caliphate has been 100 percent destroyed, and the founder and leader of ISIS ‚Äî the bloodthirsty killer known as al-Baghdadi ‚Äî is dead.",,54,0.52841343,Workers without a high school diploma have achieved the lowest unemployment rate recorded in U.S. history.
45,0.99988806,African American poverty has declined to the lowest rate ever recorded.,,261,0.52640108,"Early next year, we will have substantially more than 500 miles completed."
50,0.99988484,The veterans unemployment rate dropped to a record low.,,34,0.5249646,The unemployment rate is the lowest in over half a century.
62,0.99987674,"In just three years of my administration, 3.5 million people ‚Äî working-age people ‚Äî have joined the workforce.",,379,0.52319713,"Last year, I traveled to the border in Texas and met Chief Patrol Agent Raul Ortiz."
452,0.99987674,He directed the December assault and went on to assault U.S. forces in Iraq.,,302,0.52313097,"Born at just 21 weeks and 6 days, and weighing less than a pound, Ellie Schneider was a born fighter."
47,0.99986339,The unemployment rate for women reached the lowest level in almost 70 years.,,269,0.52277959,I‚Äôm calling for bipartisan legislation that achieves the goal of dramatically lowering prescription drug prices.
78,0.99985504,"All of those millions of people with 401(k)s and pensions are doing far better than they have ever done before with increases of 60, 70, 80, 90, and 100 percent, and even more.",,133,0.52165381,"They respect what we‚Äôve done because, quite frankly, they could never really believe that they were able to get away with what they were doing year after year, decade after decade, without someone in our country stepping up and saying, ‚ÄúThat‚Äôs enough.‚Äù (Applause.)"
26,0.99984062,"From the instant I took office, I moved rapidly to revive the U.S. economy ‚Äî slashing a record number of job-killing regulations, enacting historic and record-setting tax cuts, and fighting for fair and reciprocal trade agreements.",,428,0.52053916,"On the night that U.S. Special Forces Operations ended al-Baghdadi‚Äôs miserable life, the Chairman of the Joint Chiefs of Staff, General Mark Milley, received a call in the Situation Room."
454,0.9998337,"And that‚Äôs why, last month, at my direction, the U.S. military executed a flawless precision strike that killed Soleimani and terminated his evil reign of terror forever.",,328,0.50831347,"To protect the environment, days ago I announced that the United States will join the One Trillion Trees Initiative, an ambitious effort to bring together government and private sector to plant new trees in America and all around the world."
352,0.99982435,"He hijacked a truck and smashed into vehicles, critically injuring innocent victims.",,45,0.50752157,African American poverty has declined to the lowest rate ever recorded.
451,0.99981719,"As the world‚Äôs top terrorist, Soleimani orchestrated the deaths of countless men, women, and children.",,470,0.50683298,"I am not looking to kill hundreds of thousands of people in Afghanistan, many of them totally innocent."
52,0.99979526,The unemployment rate for disabled Americans has reached an all-time low.,,308,0.50653997,"And thanks to modern medical wonders, 50 percent of very premature babies delivered at the hospital where Ellie was born now survive."
440,0.99971825,"Daddy.‚Äù
 
 On Easter Sunday of 2008, Chris was out on patrol in Baghdad when his Bradley Fighting Vehicle was hit by a roadside bomb.",,100,0.50180414,"With the tremendous progress we have made over the past three years, America is now energy independent, and energy jobs, like so many other elements of our country, are at a record high."
,,,,,,
70,0.99971515,Real median household income is now at the highest level ever recorded.,,129,0.49909318,"Days ago, we signed the groundbreaking new agreement with China that will defend our workers, protect our intellectual property, bring billions and billions of dollars into our treasury, and open vast new markets for products made and grown right here in the USA."
324,0.99968719,"I‚Äôve also overseen historic funding increases for high-quality child care, enabling 17 states to help more children, many of which have reduced or eliminated their waitlists altogether.",,138,0.49742793,That‚Äôs why my administration reversed the failing policies of the previous administration on Cuba.
234,0.99967551,Our new plans are up to 60 percent less expensive ‚Äî and better.,,119,0.49707911,"The USMCA will create nearly 100,000 new high-paying American auto jobs, and massively boost exports for our farmers, ranchers, and factory workers."
328,0.99965358,"To protect the environment, days ago I announced that the United States will join the One Trillion Trees Initiative, an ambitious effort to bring together government and private sector to plant new trees in America and all around the world.",,263,0.49420032,"We have approved a record number of affordable generic drugs, and medicines are being approved by the FDA at a faster clip than ever before."
370,0.99956959,"Before I came into office, if you showed up illegally on our southern border and were arrested, you were simply released and allowed into our country, never to be seen again.",,301,0.4891041,"In 2017, doctors at St. Luke‚Äôs Hospital in Kansas City delivered one of the earliest premature babies ever to survive."
34,0.99951208,The unemployment rate is the lowest in over half a century.,,216,0.4885986,Now I call on Congress to give one million American children the same opportunity Janiyah has just received.
347,0.99941766,"But as required by California‚Äôs Sanctuary Law, local authorities released him.",,361,0.4859641,Senator Thom Tillis has introduced legislation to allow Americans like Jody to sue sanctuary cities and states when a loved one is hurt or killed as a result of these deadly practices.
308,0.99937254,"And thanks to modern medical wonders, 50 percent of very premature babies delivered at the hospital where Ellie was born now survive.",,454,0.48279852,"And that‚Äôs why, last month, at my direction, the U.S. military executed a flawless precision strike that killed Soleimani and terminated his evil reign of terror forever."
368,0.99932873,My administration has undertaken an unprecedented effort to secure the southern border of the United States.,,450,0.48042929,"Soleimani was the Iranian regime‚Äôs most ruthless butcher, a monster who murdered or wounded thousands of American service members in Iraq."
201,0.99930263,"To rescue these students, 18 states have created school choice in the form of Opportunity Scholarships.",,517,0.47940808,"Our spirit is still young, the sun is still rising, God‚Äôs grace is still shining, and, my fellow Americans, the best is yet to come."
378,0.99929798,"And as the wall rapidly goes up, drug seizures rise, and the border crossings are down, and going down very rapidly.",,347,0.47808646,"But as required by California‚Äôs Sanctuary Law, local authorities released him."
202,0.99928671,The programs are so popular that tens of thousands of students remain on a waiting list.,,477,0.47780026,"For the past seven months, she has done it all while her husband, Sergeant First Class Townsend Williams, is in Afghanistan on his fourth deployment in the Middle East."
283,0.99919742,"We have launched ambitious new initiatives to substantially improve care for Americans with kidney disease, Alzheimer‚Äôs, and those struggling with mental health.",,3,0.47453757,"Madam Speaker, Mr. Vice President, members of Congress, the First Lady of the United States ‚Äî (applause) ‚Äî and my fellow citizens:
 
 Three years ago, we launched the great American comeback."
261,0.99905568,"Early next year, we will have substantially more than 500 miles completed.",,440,0.47400718,"Daddy.‚Äù
 
 On Easter Sunday of 2008, Chris was out on patrol in Baghdad when his Bradley Fighting Vehicle was hit by a roadside bomb."
375,0.9989478,"Very importantly, we entered into historic cooperation agreements with the governments of Mexico, Honduras, El Salvador, and Guatemala.",,252,0.47237234,"These proposals would raid the Medicare benefits of our seniors and that our seniors depend on, while acting as a powerful lure for illegal immigration."
425,0.99890113,"I‚Äôve known for some time what my life‚Äôs work is, using my hands as tools to relieve suffering.‚Äù In 2013, while caring for suffering civilians in Syria, Kayla was kidnapped, tortured, and enslaved by ISIS, and kept as a prisoner of al-Baghdadi himself.",,342,0.47080778,"The killer had been previously arrested for assault, but under New York‚Äôs sanctuary policies, he was set free."
188,0.99869734,"A few weeks ago, I signed a bill promoting Charles McGee to Brigadier General.",,392,0.46834076,"Working with Senate Majority Leader Mitch McConnell ‚Äî thank you, Mitch ‚Äî (applause) ‚Äî and his colleagues in the Senate, we have confirmed a record number of 187 new federal judges to uphold our Constitution as written."
140,0.99852318,"We are supporting the hopes of Cubans, Nicaraguans, and Venezuelans to restore democracy.",,276,0.45790946,Drug overdose deaths declined for the first time in nearly 30 years.
344,0.99848121,The state of California passed an outrageous law declaring their whole state to be a sanctuary for criminal illegal immigrants ‚Äî a very terrible sanctuary ‚Äî with catastrophic results.,,10,0.45761383,"The days of our country being used, taken advantage of, and even scorned by other nations are long behind us."
429,0.99827194,He was told that the brave men of the elite Special Forces team that so perfectly carried out the operation had given their mission a name: ‚ÄúTask Force 8-14.‚Äù It was a reference to a special day: August 14th ‚Äî Kayla‚Äôs birthday.,,378,0.45388307,"And as the wall rapidly goes up, drug seizures rise, and the border crossings are down, and going down very rapidly."
162,0.99794632,"We have purchased the finest planes, missiles, rockets, ships, and every other form of military equipment, and it‚Äôs all made right here in the USA.",,182,0.45081929,Charles is one of the last surviving Tuskegee Airmen ‚Äî the first black fighter pilots ‚Äî and he also happens to be Iain‚Äôs great-grandfather.
348,0.99751747,"Days later, the criminal alien went on a gruesome spree of deadly violence.",,466,0.45004108,It is totally up to them.
371,0.99747169,My administration has ended catch and release.,,503,0.4480582,We are Americans.
94,0.99740231,"Our roaring economy has, for the first time ever, given many former prisoners the ability to get a great job and a fresh start.",,318,0.44764584,"As we support America‚Äôs moms and dads, I was recently proud to sign the law providing new parents in the federal workforce paid family leave, serving as a model for the rest of the country."
242,0.99723059,That is why I signed an executive order requiring price transparency.,,5,0.44550559,"Jobs are booming, incomes are soaring, poverty is plummeting, crime is falling, confidence is surging, and our country is thriving and highly respected again."
36,0.9961499,"And very incredibly, the average unemployment rate under my administration is lower than any administration in the history of our country.",,14,0.44501745,We have totally rejected the downsizing.
127,0.99492836,I also promised our citizens that I would impose tariffs to confront China‚Äôs massive theft of America‚Äôs jobs.,,202,0.44399501,The programs are so popular that tens of thousands of students remain on a waiting list.
268,0.99419618,"I‚Äôve been speaking to Senator Chuck Grassley of Iowa and others in Congress in order to get something on drug pricing done, and done quickly and properly.",,506,0.44174576,"We settled the New World, we built the modern world, and we changed history forever by embracing the eternal truth that everyone is made equal by the hand of Almighty God."
281,0.99362612,We are coordinating with the Chinese government and working closely together on the coronavirus outbreak in China.,,229,0.44114178,"To expand equal opportunity, I am also proud that we achieved record and permanent funding for our nation‚Äôs historically black colleges and universities."
361,0.99352551,Senator Thom Tillis has introduced legislation to allow Americans like Jody to sue sanctuary cities and states when a loved one is hurt or killed as a result of these deadly practices.,,176,0.44081073,He was the first in his class and among the youngest at an aviation academy.
301,0.99264926,"In 2017, doctors at St. Luke‚Äôs Hospital in Kansas City delivered one of the earliest premature babies ever to survive.",,70,0.43934371,Real median household income is now at the highest level ever recorded.
176,0.99118924,He was the first in his class and among the youngest at an aviation academy.,,96,0.43802515,"Everybody said that criminal justice reform couldn‚Äôt be done, but I got it done, and the people in this room got it done."
86,0.99091482,"After struggling with drug addiction, Tony lost his job, his house, and his family.",,81,0.43702225,"In other words, wealthy people and companies are pouring money into poor neighborhoods or areas that haven‚Äôt seen investment in many decades, creating jobs, energy, and excitement."
354,0.99044609,"Rocky was at a gas station when this vile criminal fired eight bullets at him from close range, murdering him in cold blood.",,188,0.4369051,"A few weeks ago, I signed a bill promoting Charles McGee to Brigadier General."
225,0.98963773,"Through our Pledge to American Workers, over 400 companies will also provide new jobs and education opportunities to almost 15 million Americans.",,162,0.43508311,"We have purchased the finest planes, missiles, rockets, ships, and every other form of military equipment, and it‚Äôs all made right here in the USA."
254,0.98894393,"Their systems are totally out of control, costing taxpayers vast and unaffordable amounts of money.",,135,0.43361607,We are rebuilding our country.
83,0.98767948,This is the first time that these deserving communities have seen anything like this.,,341,0.43345826,"Just 29 days ago, a criminal alien freed by the sanctuary city of New York was charged with the brutal rape and murder of a 92-year-old woman."
185,0.98594135,"After more than 130 combat missions in World War Two, he came back home to a country still struggling for civil rights and went on to serve America in Korea and Vietnam.",,201,0.43303126,"To rescue these students, 18 states have created school choice in the form of Opportunity Scholarships."
339,0.98494267,"Tragically, there are many cities in America where radical politicians have chosen to provide sanctuary for these criminal illegal aliens.",,414,0.43217756,"Last week, I announced a groundbreaking plan for peace between Israel and the Palestinians."
349,0.98339593,He viciously shot one man going about his daily work.,,50,0.4316014,The veterans unemployment rate dropped to a record low.
81,0.98079121,"In other words, wealthy people and companies are pouring money into poor neighborhoods or areas that haven‚Äôt seen investment in many decades, creating jobs, energy, and excitement.",,56,0.42993791,A record number of young Americans are now employed.
340,0.97578955,"AUDIENCE: Booo ‚Äî
 
 THE PRESIDENT: In sanctuary cities, local officials order police to release dangerous criminal aliens to prey upon the public, instead of handing them over to ICE to be safely removed.",,113,0.42786464,"Following NAFTA‚Äôs adoption, our nation lost one in four manufacturing jobs."
381,0.97513616,"Days ago, Agent Ortiz was promoted to Deputy Chief of Border Patrol, and he joins us tonight.",,367,0.42563919,"And I have signed nine pieces of legislation to stamp out the menace of human trafficking, domestically and all around the globe."
220,0.97112167,"For this reason, our magnificent First Lady has launched the BE BEST initiative to advance a safe, healthy, supportive, and drug-free life for the next generation ‚Äî online, in school, and in our communities.",,504,0.42401446,We are pioneers.
412,0.97089189,My administration is also strongly defending our national security and combating radical Islamic terrorism.,,127,0.42188831,I also promised our citizens that I would impose tariffs to confront China‚Äôs massive theft of America‚Äôs jobs.
14,0.96933728,We have totally rejected the downsizing.,,112,0.42163588,"In fact, unfair trade is perhaps the single biggest reason that I decided to run for President."
119,0.96379352,"The USMCA will create nearly 100,000 new high-paying American auto jobs, and massively boost exports for our farmers, ranchers, and factory workers.",,449,0.42069487,"The terrorist responsible for killing Sergeant Hake was Qasem Soleimani, who provided the deadly roadside bomb that took Chris‚Äôs life."
426,0.96125436,"After more than 500 horrifying days of captivity, al-Baghdadi murdered young, beautiful Kayla.",,13,0.4202189,"In just three short years, we have shattered the mentality of American decline, and we have rejected the downsizing of America‚Äôs destiny."
8,0.96084958,The years of economic decay are over.,,514,0.418563,Our most thrilling stories are not yet told.
453,0.94725883,Was actively planning new attacks when we hit him very hard.,,94,0.41829526,"Our roaring economy has, for the first time ever, given many former prisoners the ability to get a great job and a fresh start."
77,0.9452399,Consumer confidence has just reached amazing new highs.,,505,0.41759771,We are the pathfinders.
499,0.94378453,"Our ancestors braved the unknown; tamed the wilderness; settled the Wild West; lifted millions from poverty, disease, and hunger; vanquished tyranny and fascism; ushered the world to new heights of science and medicine; laid down the railroads, dug out the canals, raised up the skyscrapers.",,513,0.41216438,Our brightest discoveries are not yet known.
3,0.93135577,"Madam Speaker, Mr. Vice President, members of Congress, the First Lady of the United States ‚Äî (applause) ‚Äî and my fellow citizens:
 
 Three years ago, we launched the great American comeback.",,125,0.4091516,This is the first major trade deal in many years to earn the strong backing of America‚Äôs labor unions.
469,0.93048841,"In Afghanistan, the determination and valor of our warfighters has allowed us to make tremendous progress, and peace talks are now underway.",,352,0.40577431,"He hijacked a truck and smashed into vehicles, critically injuring innocent victims."
110,0.92762178,One of the biggest promises I made to the American people was to replace the disastrous NAFTA trade deal.,,95,0.40448213,This second chance at life is made possible because we passed landmark criminal justice reform into law.
351,0.92505759,He walked into a convenience store and wildly fired his weapon.,,103,0.4044661,"Likewise, we are restoring our nation‚Äôs manufacturing might, even though predictions were, as you all know, that this could never, ever be done."
88,0.92387098,But then Tony found a construction company that invests in Opportunity Zones.,,354,0.40216587,"Rocky was at a gas station when this vile criminal fired eight bullets at him from close range, murdering him in cold blood."
410,0.92226166,I am asking Congress to fully fund the Artemis program to ensure that the next man and the first woman on the Moon will be American astronauts ‚Äî (applause) ‚Äî using this as a launching pad to ensure that America is the first nation to plant its flag on Mars.,,209,0.39967393,Janiyah and Stephanie are in the Gallery.
287,0.92063493,"Here tonight is a special man, beloved by millions of Americans who just received a Stage 4 advanced cancer diagnosis.",,353,0.39569623,"One of the victims is ‚Äî a terrible, terrible situation; died ‚Äî 51-year-old American named Rocky Jones."
95,0.91747922,This second chance at life is made possible because we passed landmark criminal justice reform into law.,,451,0.39500704,"As the world‚Äôs top terrorist, Soleimani orchestrated the deaths of countless men, women, and children."
96,0.8892985,"Everybody said that criminal justice reform couldn‚Äôt be done, but I got it done, and the people in this room got it done.",,336,0.39429411,"That means supporting the men and women of law enforcement at every level, including our nation‚Äôs heroic ICE officers."
459,0.88807815,"In recent months, we have seen proud Iranians raise their voices against their oppressive rulers.",,420,0.39295683,"After graduating from college, their beautiful daughter Kayla became a humanitarian aid worker."
146,0.8425222,"Joining us in the Gallery is the true and legitimate President of Venezuela, Juan Guaid√≥.",,110,0.39212874,One of the biggest promises I made to the American people was to replace the disastrous NAFTA trade deal.
313,0.83928716,That is why I‚Äôm asking Congress to provide an additional $50 million to fund neonatal research for America‚Äôs youngest patients.,,434,0.39047698,One of these American heroes was Army Staff Sergeant Christopher Hake.
247,0.80015934,"But as we work to improve Americans‚Äô healthcare, there are those who want to take away your healthcare, take away your doctor, and abolish private insurance entirely.",,291,0.38786098,"And, Rush, in recognition of all that you have done for our nation, the millions of people a day that you speak to and that you inspire, and all of the incredible work that you have done for charity, I am proud to announce tonight that you will be receiving our country‚Äôs highest civilian honor, the Presidential Medal of Freedom."
405,0.77670008,"Just as we believe in the First Amendment, we also believe in another constitutional right that is under siege all across our country.",,473,0.38655124,We are working to finally end America‚Äôs longest war and bring our troops back home.
350,0.75506991,He approached a woman sitting in her car and shot her in the arm and in the chest.,,123,0.38518416,"And I say that, finally, because it‚Äôs been many, many years that we were treated fairly on trade."
343,0.74557066,"If the city had honored ICE‚Äôs detainer request, his victim would still be alive today.",,194,0.38356997,"Members of Congress, we must never forget that the only victories that matter in Washington are victories that deliver for the American people."
318,0.72352099,"As we support America‚Äôs moms and dads, I was recently proud to sign the law providing new parents in the federal workforce paid family leave, serving as a model for the rest of the country.",,98,0.38193348,"Thanks to our bold regulatory reduction campaign, the United States has become the number one producer of oil and natural gas anywhere in the world, by far."
236,0.72034091,I‚Äôve also made an ironclad pledge to American families: We will always protect patients with pre-existing conditions.,,132,0.38068166,"Now we have changed that, but, at the same time, we have perhaps the best relationship we‚Äôve ever had with China, including with President Xi."
353,0.70324987,"One of the victims is ‚Äî a terrible, terrible situation; died ‚Äî 51-year-old American named Rocky Jones.",,178,0.3806405,"As Iain says, ‚ÄúMost people look up at space."
495,0.68834889,"This is the home of Abraham Lincoln, Frederick Douglass, Amelia Earhart, Harriet Tubman, the Wright Brothers, Neil Armstrong, and so many more.",,375,0.37920515,"Very importantly, we entered into historic cooperation agreements with the governments of Mexico, Honduras, El Salvador, and Guatemala."
396,0.67839319,And we have many in the pipeline.,,186,0.37809645,"On December 7th, Charles celebrated his 100th birthday."
89,0.6732251,"He is now a top tradesman, drug-free, reunited with his family, and he is here tonight.",,141,0.3775795,"The United States is leading a 59-nation diplomatic coalition against the socialist dictator of Venezuela, Nicol√°s Maduro."
118,0.65483624,"Six days ago, I replaced NAFTA and signed the brand-new U.S.-Mexico-Canada Agreement into law.",,102,0.37756879,We are doing numbers that no one would have thought possible just three years ago.
5,0.65233999,"Jobs are booming, incomes are soaring, poverty is plummeting, crime is falling, confidence is surging, and our country is thriving and highly respected again.",,254,0.37728932,"Their systems are totally out of control, costing taxpayers vast and unaffordable amounts of money."
21,0.57125372,Our values are renewed.,,20,0.37417701,Our families are flourishing.
103,0.50650734,"Likewise, we are restoring our nation‚Äôs manufacturing might, even though predictions were, as you all know, that this could never, ever be done.",,363,0.37334427,I ask Congress to pass the Justice for Victims of Sanctuary Cities Act immediately.
470,0.48552072,"I am not looking to kill hundreds of thousands of people in Afghanistan, many of them totally innocent.",,146,0.37303972,"Joining us in the Gallery is the true and legitimate President of Venezuela, Juan Guaid√≥."
102,0.46597615,We are doing numbers that no one would have thought possible just three years ago.,,18,0.37124681,"Our military is completely rebuilt, with its power being unmatched anywhere in the world ‚Äî and it‚Äôs not even close."
193,0.46096098,"From the pilgrims to the Founders, from the soldiers at Valley Forge to the marchers at Selma, and from President Lincoln to the Reverend Martin Luther King, Americans have always rejected limits on our children‚Äôs future.",,396,0.37028278,And we have many in the pipeline.
500,0.45809427,"And, ladies and gentlemen, our ancestors built the most exceptional republic ever to exist in all of human history, and we are making it greater than ever before.",,515,0.36935127,Our grandest journeys are not yet made.
315,0.42659116,That is why I‚Äôm also calling upon members of Congress here tonight to pass legislation finally banning the late-term abortion of babies.,,275,0.3673257,"With unyielding commitment, we are curbing the opioid epidemic."
87,0.41475996,He was homeless.,,351,0.36458022,He walked into a convenience store and wildly fired his weapon.
498,0.41184416,"The American nation was carved out of the vast frontier by the toughest, strongest, fiercest, and most determined men and women ever to walk on the face of the Earth.",,244,0.36395677,"Many experts believe that transparency, which will go into full effect at the beginning of next year, will be even bigger than healthcare reform."
18,0.4095301,"Our military is completely rebuilt, with its power being unmatched anywhere in the world ‚Äî and it‚Äôs not even close.",,410,0.36387778,I am asking Congress to fully fund the Artemis program to ensure that the next man and the first woman on the Moon will be American astronauts ‚Äî (applause) ‚Äî using this as a launching pad to ensure that America is the first nation to plant its flag on Mars.
85,0.40342048,"Opportunity Zones are helping Americans like Army veteran Tony Rankins from Cincinnati, Ohio.",,23,0.3633118,"And for all of these reasons, I say to the people of our great country and to the members of Congress: The state of our Union is stronger than ever before."
106,0.40317521,Companies are not leaving; they are coming back to the USA.,,320,0.36255748,"Now I call on the Congress to pass the bipartisan Advancing Support for Working Families Act, extending family leave to mothers and fathers all across our nation."
114,0.40168858,"Many politicians came and went, pledging to change or replace NAFTA, only to do so, and then absolutely nothing happened.",,476,0.36198491,Amy works full-time and volunteers countless hours helping other military families.
477,0.35020518,"For the past seven months, she has done it all while her husband, Sergeant First Class Townsend Williams, is in Afghanistan on his fourth deployment in the Middle East.",,287,0.36169252,"Here tonight is a special man, beloved by millions of Americans who just received a Stage 4 advanced cancer diagnosis."
116,0.34165302,We did our job.,,412,0.36149327,My administration is also strongly defending our national security and combating radical Islamic terrorism.
12,0.33010975,"Gone too are the broken promises, jobless recoveries, tired platitudes, and constant excuses for the depletion of American wealth, power, and prestige.",,381,0.35955987,"Days ago, Agent Ortiz was promoted to Deputy Chief of Border Patrol, and he joins us tonight."
138,0.29617414,That‚Äôs why my administration reversed the failing policies of the previous administration on Cuba.,,368,0.35927661,My administration has undertaken an unprecedented effort to secure the southern border of the United States.
393,0.28637308,"This includes two brilliant new Supreme Court justices, Neil Gorsuch and Brett Kavanaugh.",,500,0.35859158,"And, ladies and gentlemen, our ancestors built the most exceptional republic ever to exist in all of human history, and we are making it greater than ever before."
13,0.27351364,"In just three short years, we have shattered the mentality of American decline, and we have rejected the downsizing of America‚Äôs destiny.",,242,0.3584564,That is why I signed an executive order requiring price transparency.
244,0.26930887,"Many experts believe that transparency, which will go into full effect at the beginning of next year, will be even bigger than healthcare reform.",,461,0.35792936,"Because of our powerful sanctions, the Iranian economy is doing very, very poorly."
388,0.26912946,"To build on these historic gains, we are working on legislation to replace our outdated and randomized immigration system with one based on merit, welcoming those who follow the rules, contribute to our economy, support themselves financially, and uphold our values.",,255,0.35721541,"If forcing American taxpayers to provide unlimited free healthcare to illegal aliens sounds fair to you, then stand with the radical left."
468,0.25345626,"As we defend American lives, we are working to end America‚Äôs wars in the Middle East.",,296,0.35710378,(The Medal of Freedom is presented.)
132,0.25010133,"Now we have changed that, but, at the same time, we have perhaps the best relationship we‚Äôve ever had with China, including with President Xi.",,283,0.356501,"We have launched ambitious new initiatives to substantially improve care for Americans with kidney disease, Alzheimer‚Äôs, and those struggling with mental health."
262,0.24399923,My administration is also taking on the big pharmaceutical companies.,,340,0.3546461,"AUDIENCE: Booo ‚Äî
 
 THE PRESIDENT: In sanctuary cities, local officials order police to release dangerous criminal aliens to prey upon the public, instead of handing them over to ICE to be safely removed."
476,0.2272917,Amy works full-time and volunteers countless hours helping other military families.,,430,0.35349397,"Carl and Marsha, America‚Äôs warriors never forgot Kayla ‚Äî and neither will we."
504,0.1994265,We are pioneers.,,452,0.35225311,He directed the December assault and went on to assault U.S. forces in Iraq.
302,0.1829471,"Born at just 21 weeks and 6 days, and weighing less than a pound, Ellie Schneider was a born fighter.",,241,0.35031147,The American patient should never be blindsided by medical bills.
200,0.18198697,"Yet, for too long, countless American children have been trapped in failing government schools.",,85,0.34998023,"Opportunity Zones are helping Americans like Army veteran Tony Rankins from Cincinnati, Ohio."
284,0.17990793,"And because Congress was so good as to fund my request, new cures for childhood cancer, and we will eradicate the AIDS epidemic in America by the end of this decade.",,114,0.34860795,"Many politicians came and went, pledging to change or replace NAFTA, only to do so, and then absolutely nothing happened."
272,0.17750259,AUDIENCE: H.R.3!,,88,0.34789475,But then Tony found a construction company that invests in Opportunity Zones.
390,0.16245729,"With every action, my administration is restoring the rule of law and reasserting the culture of American freedom.",,226,0.34566604,My budget also contains an exciting vision for our nation‚Äôs high schools.
398,0.15508102,"My administration is also defending religious liberty, and that includes the constitutional right to pray in public schools.",,52,0.34398562,The unemployment rate for disabled Americans has reached an all-time low.
216,0.14858657,Now I call on Congress to give one million American children the same opportunity Janiyah has just received.,,435,0.34165805,"On his second deployment to Iraq in 2008, Sergeant Hake wrote a letter to his one-year-old son, Gage: ‚ÄúI will be with you again,‚Äù he wrote to Gage."
355,0.14760149,"Rocky left behind a devoted family, including his brothers, who loved him more than anything else in the world.",,38,0.34073933,True.
10,0.14208363,"The days of our country being used, taken advantage of, and even scorned by other nations are long behind us.",,315,0.34014239,That is why I‚Äôm also calling upon members of Congress here tonight to pass legislation finally banning the late-term abortion of babies.
189,0.14206612,"And earlier today, I pinned the stars on his shoulders in the Oval Office.",,157,0.33905363,Socialism destroys nations.
356,0.12837575,One of his grieving brothers is here with us tonight.,,262,0.33796554,My administration is also taking on the big pharmaceutical companies.
75,0.11682885,They admire.,,390,0.33774099,"With every action, my administration is restoring the rule of law and reasserting the culture of American freedom."
373,0.10455357,"If you come illegally, you will now be promptly removed from our country.",,280,0.33607944,Protecting Americans‚Äô health also means fighting infectious diseases.
275,0.09077307,"With unyielding commitment, we are curbing the opioid epidemic.",,388,0.33594126,"To build on these historic gains, we are working on legislation to replace our outdated and randomized immigration system with one based on merit, welcoming those who follow the rules, contribute to our economy, support themselves financially, and uphold our values."
427,0.08774929,She was just 26 years old.,,200,0.33585267,"Yet, for too long, countless American children have been trapped in failing government schools."
143,0.08004487,"Maduro is an illegitimate ruler, a tyrant who brutalizes his people.",,516,0.33532304,"The American Age, the American Epic, the American adventure has only just begun."
20,0.07196712,Our families are flourishing.,,256,0.3351276,"But if you believe that we should defend American patients and American seniors, then stand with me and pass legislation to prohibit free government healthcare for illegal aliens."
233,0.0659516,I moved quickly to provide affordable alternatives.,,469,0.33255142,"In Afghanistan, the determination and valor of our warfighters has allowed us to make tremendous progress, and peace talks are now underway."
19,0.06589906,Our borders are secure.,,497,0.33227895,"This is the place where the pilgrims landed at Plymouth and where Texas patriots made their last stand at the Alamo ‚Äî (applause) ‚Äî the beautiful, beautiful Alamo."
253,0.06520944,That is what is happening in California and other states.,,268,0.32820813,"I‚Äôve been speaking to Senator Chuck Grassley of Iowa and others in Congress in order to get something on drug pricing done, and done quickly and properly."
420,0.06223265,"After graduating from college, their beautiful daughter Kayla became a humanitarian aid worker.",,181,0.32631333,"Charles McGee was born in Cleveland, Ohio, one century ago."
516,0.06144078,"The American Age, the American Epic, the American adventure has only just begun.",,153,0.32596567,Please take this message back that all Americans are united with the Venezuelan people in their righteous struggle for freedom.
131,0.05572915,"For decades, China has taken advantage of the United States.",,220,0.32580266,"For this reason, our magnificent First Lady has launched the BE BEST initiative to advance a safe, healthy, supportive, and drug-free life for the next generation ‚Äî online, in school, and in our communities."
487,0.05538642,AUDIENCE: USA!,,247,0.32521943,"But as we work to improve Americans‚Äô healthcare, there are those who want to take away your healthcare, take away your doctor, and abolish private insurance entirely."
503,0.05490373,We are Americans.,,15,0.32462051,"We are moving forward at a pace that was unimaginable just a short time ago, and we are never, ever going back."
464,0.05359433,We are here.,,193,0.32440845,"From the pilgrims to the Founders, from the soldiers at Valley Forge to the marchers at Selma, and from President Lincoln to the Reverend Martin Luther King, Americans have always rejected limits on our children‚Äôs future."
513,0.04823107,Our brightest discoveries are not yet known.,,471,0.32431107,It is also not our function to serve other nations as law enforcement agencies.
226,0.04820214,My budget also contains an exciting vision for our nation‚Äôs high schools.,,236,0.32346722,I‚Äôve also made an ironclad pledge to American families: We will always protect patients with pre-existing conditions.
269,0.04565893,I‚Äôm calling for bipartisan legislation that achieves the goal of dramatically lowering prescription drug prices.,,39,0.32241546,"If we hadn‚Äôt reversed the failed economic policies of the previous administration, the world would not now be witnessing this great economic success."
186,0.04486243,"On December 7th, Charles celebrated his 100th birthday.",,174,0.32054102,"Iain, please stand up."
7,0.04289567,"America‚Äôs enemies are on the run, America‚Äôs fortunes are on the rise, and America‚Äôs future is blazing bright.",,25,0.31992419,The vision I will lay out this evening demonstrates how we are building the world‚Äôs most prosperous and inclusive society ‚Äî one where every citizen can join in America‚Äôs unparalleled success and where every community can take part in America‚Äôs extraordinary rise.
514,0.04260175,Our most thrilling stories are not yet told.,,459,0.31831524,"In recent months, we have seen proud Iranians raise their voices against their oppressive rulers."
515,0.04020993,Our grandest journeys are not yet made.,,121,0.3177797,"It will also bring trade with Mexico and Canada to a much higher level, but also to be a much greater degree of fairness and reciprocity."
461,0.03766265,"Because of our powerful sanctions, the Iranian economy is doing very, very poorly.",,326,0.31653994,"And I sent Congress a plan with a vision to further expand access to high-quality child care, and urge you to act immediately."
273,0.03599839,H.R.3!,,73,0.3164615,This is a record.
274,0.03599839,H.R.3!,,8,0.31575814,The years of economic decay are over.
135,0.03588955,We are rebuilding our country.,,7,0.31412393,"America‚Äôs enemies are on the run, America‚Äôs fortunes are on the rise, and America‚Äôs future is blazing bright."
178,0.03484776,"As Iain says, ‚ÄúMost people look up at space.",,286,0.3125077,Almost every American family knows the pain when a loved one is diagnosed with a serious illness.
168,0.0336771,It‚Äôs called the Space Force.,,401,0.31145014,We don‚Äôt tear down crosses.
128,0.03078708,Our strategy has worked.,,164,0.30987917,"We are also getting our allies, finally, to help pay their fair share."
38,0.03027955,True.,,349,0.30912133,He viciously shot one man going about his daily work.
157,0.02600852,Socialism destroys nations.,,405,0.30879292,"Just as we believe in the First Amendment, we also believe in another constitutional right that is under siege all across our country."
258,0.02433659,"This will be a tremendous boon to our already very strongly guarded southern border where, as we speak, a long, tall, and very powerful wall is being built.",,456,0.30838512,Our message to the terrorists is clear: You will never escape American justice.
434,0.02339909,One of these American heroes was Army Staff Sergeant Christopher Hake.,,490,0.30831239,"THE PRESIDENT: Welcome home, Sergeant Williams."
175,0.02338393,Iain has always dreamed of going to space.,,371,0.30793751,My administration has ended catch and release.
123,0.02255839,"And I say that, finally, because it‚Äôs been many, many years that we were treated fairly on trade.",,12,0.30765447,"Gone too are the broken promises, jobless recoveries, tired platitudes, and constant excuses for the depletion of American wealth, power, and prestige."
164,0.0221224,"We are also getting our allies, finally, to help pay their fair share.",,494,0.30592998,"This is the home of Thomas Edison and Teddy Roosevelt, of many great generals including Washington, Pershing, Patton, and MacArthur."
488,0.02119377,USA!,,468,0.30552942,"As we defend American lives, we are working to end America‚Äôs wars in the Middle East."
489,0.02119377,USA!,,348,0.30484458,"Days later, the criminal alien went on a gruesome spree of deadly violence."
442,0.0207641,"Sergeant Hake now rests in eternal glory in Arlington, and his wife Kelli is in the Gallery tonight, joined by their son, who is now a 13-year-old and doing very, very well.",,270,0.30373851,"Get a bill on my desk, and I will sign it into law immediately."
84,0.0191566,It‚Äôs all working.,,419,0.30302609,We are joined this evening by Carl and Marsha Mueller.
435,0.01831678,"On his second deployment to Iraq in 2008, Sergeant Hake wrote a letter to his one-year-old son, Gage: ‚ÄúI will be with you again,‚Äù he wrote to Gage.",,106,0.30195339,Companies are not leaving; they are coming back to the USA.
112,0.01743776,"In fact, unfair trade is perhaps the single biggest reason that I decided to run for President.",,364,0.30157414,"The United States of America should be a sanctuary for law-abiding Americans, not criminal aliens."
475,0.0169886,"War places a heavy burden on our nation‚Äôs extraordinary military families, especially spouses like Amy Williams from Fort Bragg, North Carolina, and her two children ‚Äî six-year-old Elliana and three-year-old Rowan.",,384,0.30048876,A grateful nation thanks you and all of the heroes of Border Patrol and ICE.
255,0.01668564,"If forcing American taxpayers to provide unlimited free healthcare to illegal aliens sounds fair to you, then stand with the radical left.",,203,0.30043472,"One of those students is Janiyah Davis, a fourth grader from Philadelphia."
267,0.01614961,"And working together, Congress can reduce drug prices substantially from current levels.",,131,0.29853315,"For decades, China has taken advantage of the United States."
173,0.01602456,He‚Äôs an eighth grader from Arizona.,,89,0.29844089,"He is now a top tradesman, drug-free, reunited with his family, and he is here tonight."
298,0.01558589,"Rush and Kathryn, congratulations.",,436,0.29739611,"‚ÄúI will teach you to ride your first bike, build your first sand box, watch you play sports, and see you have kids also."
181,0.0155374,"Charles McGee was born in Cleveland, Ohio, one century ago.",,43,0.2966021,African American youth unemployment has reached an all-time low.
246,0.01414232,It will save families massive amounts of money for substantially better care.,,442,0.2964134,"Sergeant Hake now rests in eternal glory in Arlington, and his wife Kelli is in the Gallery tonight, joined by their son, who is now a 13-year-old and doing very, very well."
478,0.01213803,Amy‚Äôs kids haven‚Äôt seen their father‚Äôs face in many months.,,495,0.29623758,"This is the home of Abraham Lincoln, Frederick Douglass, Amelia Earhart, Harriet Tubman, the Wright Brothers, Neil Armstrong, and so many more."
332,0.01213751,"I ask you to pass Senator John Barrasso‚Äôs highway bill to invest in new roads, bridges, and tunnels all across our land.",,355,0.29548997,"Rocky left behind a devoted family, including his brothers, who loved him more than anything else in the world."
182,0.01156739,Charles is one of the last surviving Tuskegee Airmen ‚Äî the first black fighter pilots ‚Äî and he also happens to be Iain‚Äôs great-grandfather.,,343,0.29405288,"If the city had honored ICE‚Äôs detainer request, his victim would still be alive today."
134,0.01140132,"Now we want to rebuild our country, and that‚Äôs exactly what we‚Äôre doing.",,281,0.29295113,We are coordinating with the Chinese government and working closely together on the coronavirus outbreak in China.
91,0.01110607,Tony.,,116,0.29105033,We did our job.
177,0.01110413,"He aspires to go to the Air Force Academy, and then he has his eye on the Space Force.",,441,0.28841642,"That night, he made the ultimate sacrifice for our country."
172,0.00989653,And what he wants so badly ‚Äî 13 years old ‚Äî Iain Lanphier.,,433,0.28675762,"Every day, America‚Äôs men and women in uniform demonstrate the infinite depth of love that dwells in the human heart."
252,0.00968693,"These proposals would raid the Medicare benefits of our seniors and that our seniors depend on, while acting as a powerful lure for illegal immigration.",,403,0.28568034,We don‚Äôt muzzle preachers and pastors.
430,0.00965582,"Carl and Marsha, America‚Äôs warriors never forgot Kayla ‚Äî and neither will we.",,267,0.27913809,"And working together, Congress can reduce drug prices substantially from current levels."
286,0.00957464,Almost every American family knows the pain when a loved one is diagnosed with a serious illness.,,339,0.2780642,"Tragically, there are many cities in America where radical politicians have chosen to provide sanctuary for these criminal illegal aliens."
238,0.00820949,And we will always protect your Medicare and we will always protect your Social Security.,,408,0.27752231,"In reaffirming our heritage as a free nation, we must remember that America has always been a frontier nation."
402,0.00809032,We don‚Äôt ban symbols of faith.,,293,0.27683422,I will now ask the First Lady of the United States to present you with the honor.
209,0.00775716,Janiyah and Stephanie are in the Gallery.,,134,0.27640162,"Now we want to rebuild our country, and that‚Äôs exactly what we‚Äôre doing."
421,0.0076209,"She once wrote, ‚ÄúSome people find God in church.",,332,0.27533726,"I ask you to pass Senator John Barrasso‚Äôs highway bill to invest in new roads, bridges, and tunnels all across our land."
505,0.00633455,We are the pathfinders.,,478,0.27229436,Amy‚Äôs kids haven‚Äôt seen their father‚Äôs face in many months.
184,0.00628628,Incredible story.,,190,0.27094963,"General McGee, our nation salutes you."
419,0.00609748,We are joined this evening by Carl and Marsha Mueller.,,196,0.27080635,"The people are the heart of our country, their dreams are the soul of our country, and their love is what powers and sustains our country."
473,0.00593148,We are working to finally end America‚Äôs longest war and bring our troops back home.,,294,0.27072564,Please.
444,0.00587479,He is looking down on you now.,,128,0.26665519,Our strategy has worked.
73,0.00536603,This is a record.,,206,0.26485766,"Janiyah‚Äôs mom, Stephanie, is a single parent."
22,0.00536278,Our pride is restored.,,453,0.26408606,Was actively planning new attacks when we hit him very hard.
241,0.00514877,The American patient should never be blindsided by medical bills.,,360,0.26376549,"Jody our hearts weep for your loss, and we will not rest until you have justice."
203,0.00514368,"One of those students is Janiyah Davis, a fourth grader from Philadelphia.",,87,0.2630055,He was homeless.
204,0.00513497,Janiyah.,,253,0.26274019,That is what is happening in California and other states.
214,0.00493033,"I can proudly announce tonight that an Opportunity Scholarship has become available, it‚Äôs going to you, and you will soon be heading to the school of your choice.",,19,0.26264504,Our borders are secure.
456,0.00487913,Our message to the terrorists is clear: You will never escape American justice.,,22,0.26232679,Our pride is restored.
15,0.00482778,"We are moving forward at a pace that was unimaginable just a short time ago, and we are never, ever going back.",,409,0.26073653,"Now we must embrace the next frontier, America‚Äôs manifest destiny in the stars."
23,0.00467357,"And for all of these reasons, I say to the people of our great country and to the members of Congress: The state of our Union is stronger than ever before.",,393,0.25943238,"This includes two brilliant new Supreme Court justices, Neil Gorsuch and Brett Kavanaugh."
485,0.00464386,"He is here with us tonight, and we couldn‚Äôt keep him waiting any longer.",,398,0.25914497,"My administration is also defending religious liberty, and that includes the constitutional right to pray in public schools."
403,0.00447353,We don‚Äôt muzzle preachers and pastors.,,21,0.25765293,Our values are renewed.
227,0.00436765,"Tonight, I ask Congress to support our students and back my plan to offer vocational and technical education in every single high school in America.",,512,0.2571336,We look at tomorrow and see unlimited frontiers just waiting to be explored.
206,0.00431448,"Janiyah‚Äôs mom, Stephanie, is a single parent.",,172,0.25630838,And what he wants so badly ‚Äî 13 years old ‚Äî Iain Lanphier.
443,0.00422929,To Kelli and Gage: Chris will live in our hearts forever.,,246,0.25628104,It will save families massive amounts of money for substantially better care.
180,0.00405741,But sitting behind Iain tonight is his greatest hero of them all.,,189,0.25624435,"And earlier today, I pinned the stars on his shoulders in the Oval Office."
400,0.00399457,"In America, we don‚Äôt punish prayer.",,74,0.25425941,It is something that every country in the world is looking up to.
320,0.00397545,"Now I call on the Congress to pass the bipartisan Advancing Support for Working Families Act, extending family leave to mothers and fathers all across our nation.",,350,0.25414225,He approached a woman sitting in her car and shot her in the arm and in the chest.
471,0.00365284,It is also not our function to serve other nations as law enforcement agencies.,,464,0.25375264,We are here.
401,0.00360607,We don‚Äôt tear down crosses.,,373,0.25172763,"If you come illegally, you will now be promptly removed from our country."
115,0.00346491,"But unlike so many who came before me, I keep my promises.",,231,0.24932205,"A good life for American families also requires the most affordable, innovative, and high-quality healthcare system on Earth."
363,0.00321811,I ask Congress to pass the Justice for Victims of Sanctuary Cities Act immediately.,,382,0.24872532,"Chief Ortiz, please stand."
68,0.00320774,This is a blue-collar boom.,,444,0.24744389,He is looking down on you now.
256,0.0031471,"But if you believe that we should defend American patients and American seniors, then stand with me and pass legislation to prohibit free government healthcare for illegal aliens.",,233,0.24676918,I moved quickly to provide affordable alternatives.
296,0.00314192,(The Medal of Freedom is presented.),,258,0.24493525,"This will be a tremendous boon to our already very strongly guarded southern border where, as we speak, a long, tall, and very powerful wall is being built."
379,0.00307265,"Last year, I traveled to the border in Texas and met Chief Patrol Agent Raul Ortiz.",,335,0.24223869,A better tomorrow for all Americans also requires us to keep America safe.
239,0.00280159,Always.,,28,0.24084778,"Our agenda is relentlessly pro-worker, pro-family, pro-growth, and, most of all, pro-American."
438,0.0026595,Take care of your mother.,,333,0.24033546,"I‚Äôm also committed to ensuring that every citizen can have access to high-speed Internet, including and especially in rural America."
17,0.00252996,I am thrilled to report to you tonight that our economy is the best it has ever been.,,177,0.23704314,"He aspires to go to the Air Force Academy, and then he has his eye on the Space Force."
229,0.00251788,"To expand equal opportunity, I am also proud that we achieved record and permanent funding for our nation‚Äôs historically black colleges and universities.",,17,0.23692913,I am thrilled to report to you tonight that our economy is the best it has ever been.
466,0.00246596,It is totally up to them.,,330,0.23644981,We must also rebuild America‚Äôs infrastructure.
303,0.00237609,"Through the skill of her doctors and the prayers of her parents, little Ellie kept on winning the battle of life.",,404,0.23415109,"In America, we celebrate faith, we cherish religion, we lift our voices in prayer, and we raise our sights to the Glory of God."
190,0.00235313,"General McGee, our nation salutes you.",,272,0.23165089,AUDIENCE: H.R.3!
144,0.00229331,But Maduro‚Äôs grip on tyranny will be smashed and broken.,,487,0.23165089,AUDIENCE: USA!
304,0.00226951,"Today, Ellie is a strong, healthy two-year-old girl sitting with her amazing mother Robin in the Gallery.",,204,0.2303633,Janiyah.
39,0.00219918,"If we hadn‚Äôt reversed the failed economic policies of the previous administration, the world would not now be witnessing this great economic success.",,273,0.2303633,H.R.3!
441,0.00217501,"That night, he made the ultimate sacrifice for our country.",,274,0.2303633,H.R.3!
457,0.00204945,"If you attack our citizens, you forfeit your life.",,488,0.2303633,USA!
121,0.00188294,"It will also bring trade with Mexico and Canada to a much higher level, but also to be a much greater degree of fairness and reciprocity.",,489,0.2303633,USA!
6,0.00182268,(Applause.),,31,0.22757112,"We are advancing with unbridled optimism and lifting our citizens of every race, color, religion, and creed very, very high."
9,0.00182268,(Applause.),,284,0.22707552,"And because Congress was so good as to fund my request, new cures for childhood cancer, and we will eradicate the AIDS epidemic in America by the end of this decade."
11,0.00182268,(Applause.),,140,0.22592802,"We are supporting the hopes of Cubans, Nicaraguans, and Venezuelans to restore democracy."
16,0.00182268,(Applause.),,77,0.22546951,Consumer confidence has just reached amazing new highs.
24,0.00182268,(Applause.),,168,0.22344704,It‚Äôs called the Space Force.
27,0.00182268,(Applause.),,86,0.22248835,"After struggling with drug addiction, Tony lost his job, his house, and his family."
29,0.00182268,(Applause.),,511,0.22074279,"This nation is our canvas, and this country is our masterpiece."
33,0.00182268,(Applause.),,462,0.22034719,We can help them make a very good and short-time recovery.
35,0.00182268,(Applause.),,448,0.21963594,Thank you both very much.
37,0.00182268,(Applause.),,400,0.2186107,"In America, we don‚Äôt punish prayer."
40,0.00182268,(Applause.),,173,0.21850429,He‚Äôs an eighth grader from Arizona.
42,0.00182268,(Applause.),,460,0.2179189,"The Iranian regime must abandon its pursuit of nuclear weapons; stop spreading terror, death, and destruction; and start working for the good of its own people."
44,0.00182268,(Applause.),,300,0.21729768,"As we pray for all who are sick, we know that America is constantly achieving new medical breakthroughs."
46,0.00182268,(Applause.),,492,0.21647383,"As the world bears witness tonight, America is a land of heroes."
49,0.00182268,(Applause.),,415,0.21566264,"Recognizing that all past attempts have failed, we must be determined and creative in order to stabilize the region and give millions of young people the chance to realize a better future."
51,0.00182268,(Applause.),,171,0.21482501,"In the Gallery tonight, we have a young gentleman."
53,0.00182268,(Applause.),,90,0.21441715,"Tony, keep up the great work."
55,0.00182268,(Applause.),,91,0.21359203,Tony.
57,0.00182268,(Applause.),,148,0.21175711,"Mr. President, please take this message back to your homeland."
60,0.00182268,(Applause.),,184,0.21175631,Incredible story.
63,0.00182268,(Applause.),,485,0.21115705,"He is here with us tonight, and we couldn‚Äôt keep him waiting any longer."
65,0.00182268,(Applause.),,307,0.20888988,Ellie reminds us that every child is a miracle of life.
67,0.00182268,(Applause.),,484,0.20848068,I am thrilled to inform you that your husband is back from deployment.
69,0.00182268,(Applause.),,289,0.20834305,"Rush Limbaugh, thank you for your decades of tireless devotion to our country."
71,0.00182268,(Applause.),,151,0.20787532,Great honor.
76,0.00182268,(Applause.),,304,0.2071875,"Today, Ellie is a strong, healthy two-year-old girl sitting with her amazing mother Robin in the Gallery."
80,0.00182268,(Applause.),,83,0.20675415,This is the first time that these deserving communities have seen anything like this.
82,0.00182268,(Applause.),,145,0.20373219,"Here this evening is a very brave man who carries with him the hopes, dreams, and aspirations of all Venezuelans."
92,0.00182268,(Applause.),,510,0.20319976,"And here, on this land, on this soil, on this continent, the most incredible dreams come true."
97,0.00182268,(Applause.),,402,0.20315242,We don‚Äôt ban symbols of faith.
99,0.00182268,(Applause.),,309,0.19942032,It‚Äôs an incredible thing.
101,0.00182268,(Applause.),,438,0.19790152,Take care of your mother.
105,0.00182268,(Applause.),,136,0.19673469,"As we restore ‚Äî (applause) ‚Äî American leadership throughout the world, we are once again standing up for freedom in our hemisphere."
107,0.00182268,(Applause.),,406,0.1966615,"So long as I am President, I will always protect your Second Amendment right to keep and bear arms."
109,0.00182268,(Applause.),,68,0.19631902,This is a blue-collar boom.
111,0.00182268,(Applause.),,170,0.19618479,Very important.
117,0.00182268,(Applause.),,502,0.1940163,This is our glorious and magnificent inheritance.
120,0.00182268,(Applause.),,303,0.19381805,"Through the skill of her doctors and the prayers of her parents, little Ellie kept on winning the battle of life."
124,0.00182268,(Applause.),,199,0.19307489,The next step forward in building an inclusive society is making sure that every young American gets a great education and the opportunity to achieve the American Dream.
126,0.00182268,(Applause.),,520,0.1917734,God Bless You.
130,0.00182268,(Applause.),,175,0.19078027,Iain has always dreamed of going to space.
137,0.00182268,(Applause.),,465,0.19072564,Let‚Äôs see which road they choose.
139,0.00182268,(Applause.),,479,0.19004051,"Amy, your family‚Äôs sacrifice makes it possible for all of our families to live in safety and in peace, and we want to thank you."
142,0.00182268,(Applause.),,213,0.18979086,"But, Janiyah, I have some good news for you, because I am pleased to inform you that your long wait is over."
147,0.00182268,(Applause.),,224,0.18913012,My administration is determined to give our citizens the opportunities they need regardless of age or background.
149,0.00182268,(Applause.),,421,0.18874195,"She once wrote, ‚ÄúSome people find God in church."
155,0.00182268,(Applause.),,493,0.18819361,"This is a place where greatness is born, where destinies are forged, and where legends come to life."
159,0.00182268,(Applause.),,443,0.18778816,To Kelli and Gage: Chris will live in our hearts forever.
161,0.00182268,(Applause.),,0,0.18544243,THE PRESIDENT: Thank you very much.
163,0.00182268,(Applause.),,437,0.18535633,I love you son.
165,0.00182268,(Applause.),,288,0.184541,"This is not good news, but what is good news is that he is the greatest fighter and winner that you will ever meet."
169,0.00182268,(Applause.),,483,0.18400671,"Tonight, we have a very special surprise."
183,0.00182268,(Applause.),,298,0.18317307,"Rush and Kathryn, congratulations."
187,0.00182268,(Applause.),,249,0.18209903,"To those watching at home tonight, I want you to know: We will never let socialism destroy American healthcare."
192,0.00182268,(Applause.),,238,0.18134834,And we will always protect your Medicare and we will always protect your Social Security.
195,0.00182268,(Applause.),,6,0.17935165,(Applause.)
198,0.00182268,(Applause.),,9,0.17935165,(Applause.)
205,0.00182268,(Applause.),,11,0.17935165,(Applause.)
212,0.00182268,(Applause.),,16,0.17935165,(Applause.)
215,0.00182268,(Applause.),,24,0.17935165,(Applause.)
218,0.00182268,(Applause.),,27,0.17935165,(Applause.)
223,0.00182268,(Applause.),,29,0.17935165,(Applause.)
228,0.00182268,(Applause.),,33,0.17935165,(Applause.)
230,0.00182268,(Applause.),,35,0.17935165,(Applause.)
235,0.00182268,(Applause.),,37,0.17935165,(Applause.)
237,0.00182268,(Applause).,,40,0.17935165,(Applause.)
240,0.00182268,(Applause.),,42,0.17935165,(Applause.)
243,0.00182268,(Applause.),,44,0.17935165,(Applause.)
245,0.00182268,(Applause.),,46,0.17935165,(Applause.)
250,0.00182268,(Applause.),,49,0.17935165,(Applause.)
257,0.00182268,(Applause.),,51,0.17935165,(Applause.)
259,0.00182268,(Applause.),,53,0.17935165,(Applause.)
264,0.00182268,(Applause.),,55,0.17935165,(Applause.)
266,0.00182268,(Applause.),,57,0.17935165,(Applause.)
271,0.00182268,(Applause.),,60,0.17935165,(Applause.)
277,0.00182268,(Applause.),,63,0.17935165,(Applause.)
279,0.00182268,(Applause.),,65,0.17935165,(Applause.)
285,0.00182268,(Applause.),,67,0.17935165,(Applause.)
290,0.00182268,(Applause.),,69,0.17935165,(Applause.)
292,0.00182268,(Applause.),,71,0.17935165,(Applause.)
295,0.00182268,(Applause.),,76,0.17935165,(Applause.)
297,0.00182268,(Applause.),,80,0.17935165,(Applause.)
306,0.00182268,(Applause.),,82,0.17935165,(Applause.)
311,0.00182268,(Applause.),,92,0.17935165,(Applause.)
314,0.00182268,(Applause.),,97,0.17935165,(Applause.)
316,0.00182268,(Applause.),,99,0.17935165,(Applause.)
319,0.00182268,(Applause.),,101,0.17935165,(Applause.)
321,0.00182268,(Applause.),,105,0.17935165,(Applause.)
323,0.00182268,(Applause.),,107,0.17935165,(Applause.)
325,0.00182268,(Applause.),,109,0.17935165,(Applause.)
327,0.00182268,(Applause.),,111,0.17935165,(Applause.)
329,0.00182268,(Applause.),,117,0.17935165,(Applause.)
331,0.00182268,(Applause.),,120,0.17935165,(Applause.)
334,0.00182268,(Applause.),,124,0.17935165,(Applause.)
337,0.00182268,(Applause.),,126,0.17935165,(Applause.)
359,0.00182268,(Applause.),,130,0.17935165,(Applause.)
362,0.00182268,(Applause.),,137,0.17935165,(Applause.)
365,0.00182268,(Applause.),,139,0.17935165,(Applause.)
369,0.00182268,(Applause.),,142,0.17935165,(Applause.)
372,0.00182268,(Applause.),,147,0.17935165,(Applause.)
374,0.00182268,(Applause.),,149,0.17935165,(Applause.)
377,0.00182268,(Applause.),,155,0.17935165,(Applause.)
383,0.00182268,(Applause.),,159,0.17935165,(Applause.)
387,0.00182268,(Applause.),,161,0.17935165,(Applause.)
389,0.00182268,(Applause.),,163,0.17935165,(Applause.)
391,0.00182268,(Applause.),,165,0.17935165,(Applause.)
395,0.00182268,(Applause.),,169,0.17935165,(Applause.)
399,0.00182268,(Applause.),,183,0.17935165,(Applause.)
407,0.00182268,(Applause.),,187,0.17935165,(Applause.)
411,0.00182268,(Applause.),,192,0.17935165,(Applause.)
413,0.00182268,(Applause.),,195,0.17935165,(Applause.)
418,0.00182268,(Applause.),,198,0.17935165,(Applause.)
432,0.00182268,(Applause.),,205,0.17935165,(Applause.)
446,0.00182268,(Applause.),,212,0.17935165,(Applause.)
455,0.00182268,(Applause.),,215,0.17935165,(Applause.)
458,0.00182268,(Applause.),,218,0.17935165,(Applause.)
467,0.00182268,(Applause.),,223,0.17935165,(Applause.)
474,0.00182268,(Applause.),,228,0.17935165,(Applause.)
481,0.00182268,(Applause.),,230,0.17935165,(Applause.)
486,0.00182268,(Applause.),,235,0.17935165,(Applause.)
501,0.00182268,(Applause.),,237,0.17935165,(Applause).
507,0.00182268,(Applause.),,240,0.17935165,(Applause.)
518,0.00182268,(Applause.),,243,0.17935165,(Applause.)
28,0.00180397,"Our agenda is relentlessly pro-worker, pro-family, pro-growth, and, most of all, pro-American.",,245,0.17935165,(Applause.)
472,0.00178403,These are warfighters that we have ‚Äî the best in the world ‚Äî and they either want to fight to win or not fight at all.,,250,0.17935165,(Applause.)
199,0.00177749,The next step forward in building an inclusive society is making sure that every young American gets a great education and the opportunity to achieve the American Dream.,,257,0.17935165,(Applause.)
270,0.00164701,"Get a bill on my desk, and I will sign it into law immediately.",,259,0.17935165,(Applause.)
490,0.00156279,"THE PRESIDENT: Welcome home, Sergeant Williams.",,264,0.17935165,(Applause.)
494,0.00151506,"This is the home of Thomas Edison and Teddy Roosevelt, of many great generals including Washington, Pershing, Patton, and MacArthur.",,266,0.17935165,(Applause.)
482,0.0015087,"But, Amy, there is one more thing.",,271,0.17935165,(Applause.)
345,0.00150017,Here is just one tragic example.,,277,0.17935165,(Applause.)
509,0.00140427,America is the place where anyone can rise.,,279,0.17935165,(Applause.)
300,0.00127093,"As we pray for all who are sick, we know that America is constantly achieving new medical breakthroughs.",,285,0.17935165,(Applause.)
153,0.00122217,Please take this message back that all Americans are united with the Venezuelan people in their righteous struggle for freedom.,,290,0.17935165,(Applause.)
136,0.00116556,"As we restore ‚Äî (applause) ‚Äî American leadership throughout the world, we are once again standing up for freedom in our hemisphere.",,292,0.17935165,(Applause.)
382,0.00111397,"Chief Ortiz, please stand.",,295,0.17935165,(Applause.)
291,0.00105856,"And, Rush, in recognition of all that you have done for our nation, the millions of people a day that you speak to and that you inspire, and all of the incredible work that you have done for charity, I am proud to announce tonight that you will be receiving our country‚Äôs highest civilian honor, the Presidential Medal of Freedom.",,297,0.17935165,(Applause.)
492,0.00102393,"As the world bears witness tonight, America is a land of heroes.",,306,0.17935165,(Applause.)
460,0.00092868,"The Iranian regime must abandon its pursuit of nuclear weapons; stop spreading terror, death, and destruction; and start working for the good of its own people.",,311,0.17935165,(Applause.)
171,0.00088978,"In the Gallery tonight, we have a young gentleman.",,314,0.17935165,(Applause.)
333,0.0008679,"I‚Äôm also committed to ensuring that every citizen can have access to high-speed Internet, including and especially in rural America.",,316,0.17935165,(Applause.)
231,0.00083117,"A good life for American families also requires the most affordable, innovative, and high-quality healthcare system on Earth.",,319,0.17935165,(Applause.)
93,0.00075297,"Thank you, Tony.",,321,0.17935165,(Applause.)
521,0.00074054,And God Bless America.,,323,0.17935165,(Applause.)
224,0.00073601,My administration is determined to give our citizens the opportunities they need regardless of age or background.,,325,0.17935165,(Applause.)
217,0.000725,Pass the Education Freedom Scholarships and Opportunities Act ‚Äî because no parent should be forced to send their child to a failing government school.,,327,0.17935165,(Applause.)
294,0.00069055,Please.,,329,0.17935165,(Applause.)
282,0.00065236,My administration will take all necessary steps to safeguard our citizens from this threat.,,331,0.17935165,(Applause.)
506,0.00065016,"We settled the New World, we built the modern world, and we changed history forever by embracing the eternal truth that everyone is made equal by the hand of Almighty God.",,334,0.17935165,(Applause.)
483,0.00064137,"Tonight, we have a very special surprise.",,337,0.17935165,(Applause.)
191,0.00063437,"Thank you, sir.",,359,0.17935165,(Applause.)
170,0.00060392,Very important.,,362,0.17935165,(Applause.)
305,0.00059691,"Ellie and Robin, we are glad to have you with us tonight.",,365,0.17935165,(Applause.)
150,0.00059366,"Thank you, Mr. President.",,369,0.17935165,(Applause.)
210,0.00057764,"Stephanie, thank you so much for being here with your beautiful daughter.",,372,0.17935165,(Applause.)
364,0.00056845,"The United States of America should be a sanctuary for law-abiding Americans, not criminal aliens.",,374,0.17935165,(Applause.)
133,0.0005438,"They respect what we‚Äôve done because, quite frankly, they could never really believe that they were able to get away with what they were doing year after year, decade after decade, without someone in our country stepping up and saying, ‚ÄúThat‚Äôs enough.‚Äù (Applause.)",,377,0.17935165,(Applause.)
497,0.00054333,"This is the place where the pilgrims landed at Plymouth and where Texas patriots made their last stand at the Alamo ‚Äî (applause) ‚Äî the beautiful, beautiful Alamo.",,383,0.17935165,(Applause.)
517,0.0005392,"Our spirit is still young, the sun is still rising, God‚Äôs grace is still shining, and, my fellow Americans, the best is yet to come.",,387,0.17935165,(Applause.)
74,0.00052955,It is something that every country in the world is looking up to.,,389,0.17935165,(Applause.)
219,0.00052742,Every young person should have a safe and secure environment in which to learn and to grow.,,391,0.17935165,(Applause.)
299,0.00052736,"Thank you, Kathryn.",,395,0.17935165,(Applause.)
174,0.0004939,"Iain, please stand up.",,399,0.17935165,(Applause.)
496,0.00048712,"This is the country where children learn names like Wyatt Earp, Davy Crockett, and Annie Oakley.",,407,0.17935165,(Applause.)
90,0.00048663,"Tony, keep up the great work.",,411,0.17935165,(Applause.)
213,0.00046245,"But, Janiyah, I have some good news for you, because I am pleased to inform you that your long wait is over.",,413,0.17935165,(Applause.)
330,0.00045631,We must also rebuild America‚Äôs infrastructure.,,418,0.17935165,(Applause.)
480,0.00045373,"Thank you, Amy.",,432,0.17935165,(Applause.)
357,0.00044663,"Jody, would you please stand?",,446,0.17935165,(Applause.)
520,0.00044027,God Bless You.,,455,0.17935165,(Applause.)
280,0.00043631,Protecting Americans‚Äô health also means fighting infectious diseases.,,458,0.17935165,(Applause.)
1,0.00042778,Thank you.,,467,0.17935165,(Applause.)
30,0.00042778,Thank you.,,474,0.17935165,(Applause.)
386,0.00042778,Thank you.,,481,0.17935165,(Applause.)
394,0.00042778,Thank you.,,486,0.17935165,(Applause.)
431,0.00042778,Thank you.,,501,0.17935165,(Applause.)
445,0.00042778,Thank you.,,507,0.17935165,(Applause.)
519,0.00042778,Thank you.,,518,0.17935165,(Applause.)
31,0.00042334,"We are advancing with unbridled optimism and lifting our citizens of every race, color, religion, and creed very, very high.",,317,0.17927751,"Whether we are Republican, Democrat, or independent, surely we must all agree that every human life is a sacred gift from God."
448,0.00039325,Thank you both very much.,,356,0.17919716,One of his grieving brothers is here with us tonight.
0,0.00038608,THE PRESIDENT: Thank you very much.,,180,0.17755749,But sitting behind Iain tonight is his greatest hero of them all.
122,0.00038601,We will have that: fairness and reciprocity.,,122,0.17710646,We will have that: fairness and reciprocity.
207,0.00035732,She would do anything to give her daughter a better future.,,144,0.17700213,But Maduro‚Äôs grip on tyranny will be smashed and broken.
288,0.00035609,"This is not good news, but what is good news is that he is the greatest fighter and winner that you will ever meet.",,108,0.17686171,"The fact is that everybody wants to be where the action is, and the United States of America is indeed the place where the action is."
437,0.00033458,I love you son.,,424,0.17390061,I find God in suffering.
384,0.00033453,A grateful nation thanks you and all of the heroes of Border Patrol and ICE.,,472,0.1735166,These are warfighters that we have ‚Äî the best in the world ‚Äî and they either want to fight to win or not fight at all.
436,0.00032083,"‚ÄúI will teach you to ride your first bike, build your first sand box, watch you play sports, and see you have kids also.",,357,0.17231362,"Jody, would you please stand?"
151,0.00031821,Great honor.,,84,0.17188547,It‚Äôs all working.
511,0.00031697,"This nation is our canvas, and this country is our masterpiece.",,143,0.17010751,"Maduro is an illegitimate ruler, a tyrant who brutalizes his people."
309,0.00029558,It‚Äôs an incredible thing.,,154,0.16993318,"Thank you very much, Mr. President."
336,0.00028967,"That means supporting the men and women of law enforcement at every level, including our nation‚Äôs heroic ICE officers.",,423,0.16950269,Some people find God in love.
439,0.00028689,I am always with you.,,427,0.16730238,She was just 26 years old.
358,0.0002845,"Jody, thank you.",,93,0.16723904,"Thank you, Tony."
221,0.00027961,"Thank you, Melania, for your extraordinary love and profound care for America‚Äôs children.",,521,0.16706726,And God Bless America.
289,0.00027685,"Rush Limbaugh, thank you for your decades of tireless devotion to our country.",,217,0.16595437,Pass the Education Freedom Scholarships and Opportunities Act ‚Äî because no parent should be forced to send their child to a failing government school.
406,0.00026974,"So long as I am President, I will always protect your Second Amendment right to keep and bear arms.",,2,0.16523204,Thank you very much.
108,0.00026592,"The fact is that everybody wants to be where the action is, and the United States of America is indeed the place where the action is.",,152,0.16523204,Thank you very much.
484,0.00026504,I am thrilled to inform you that your husband is back from deployment.,,156,0.16523204,Thank you very much.
360,0.00025371,"Jody our hearts weep for your loss, and we will not rest until you have justice.",,211,0.16523204,Thank you very much.
307,0.00024162,Ellie reminds us that every child is a miracle of life.,,222,0.16523204,Thank you very much.
424,0.00023903,I find God in suffering.,,310,0.16523204,Thank you very much.
415,0.00023079,"Recognizing that all past attempts have failed, we must be determined and creative in order to stabilize the region and give millions of young people the chance to realize a better future.",,385,0.16523204,Thank you very much.
154,0.00022688,"Thank you very much, Mr. President.",,447,0.16523204,Thank you very much.
423,0.00021325,Some people find God in love.,,491,0.16523204,Thank you very much.
397,0.00019535,(Laughter and applause.),,522,0.16523204,Thank you very much.
508,0.00017878,America is the place where anything can happen.,,75,0.16414145,They admire.
293,0.00017533,I will now ask the First Lady of the United States to present you with the honor.,,282,0.16175643,My administration will take all necessary steps to safeguard our citizens from this threat.
249,0.00017506,"To those watching at home tonight, I want you to know: We will never let socialism destroy American healthcare.",,158,0.16091704,But always remember: Freedom unifies the soul.
422,0.00017457,Some people find God in nature.,,4,0.16066031,"Tonight, I stand before you to share the incredible results."
335,0.00016268,A better tomorrow for all Americans also requires us to keep America safe.,,305,0.16058592,"Ellie and Robin, we are glad to have you with us tonight."
2,0.0001626,Thank you very much.,,496,0.16045598,"This is the country where children learn names like Wyatt Earp, Davy Crockett, and Annie Oakley."
152,0.0001626,Thank you very much.,,150,0.15803971,"Thank you, Mr. President."
156,0.0001626,Thank you very much.,,227,0.15800699,"Tonight, I ask Congress to support our students and back my plan to offer vocational and technical education in every single high school in America."
211,0.0001626,Thank you very much.,,197,0.15663699,We must always remember that our job is to put America first.
222,0.0001626,Thank you very much.,,115,0.15620516,"But unlike so many who came before me, I keep my promises."
310,0.0001626,Thank you very much.,,221,0.15590489,"Thank you, Melania, for your extraordinary love and profound care for America‚Äôs children."
385,0.0001626,Thank you very much.,,219,0.15358219,Every young person should have a safe and secure environment in which to learn and to grow.
447,0.0001626,Thank you very much.,,191,0.15342858,"Thank you, sir."
491,0.0001626,Thank you very much.,,345,0.15182375,Here is just one tragic example.
522,0.0001626,Thank you very much.,,509,0.14984274,America is the place where anyone can rise.
502,0.00015554,This is our glorious and magnificent inheritance.,,358,0.14976421,"Jody, thank you."
148,0.00015021,"Mr. President, please take this message back to your homeland.",,457,0.14908379,"If you attack our citizens, you forfeit your life."
312,0.00013404,Our goal should be to ensure that every baby has the best chance to thrive and grow just like Ellie.,,480,0.14773305,"Thank you, Amy."
4,0.00013234,"Tonight, I stand before you to share the incredible results.",,1,0.1476306,Thank you.
512,0.00012545,We look at tomorrow and see unlimited frontiers just waiting to be explored.,,30,0.1476306,Thank you.
462,0.000119,We can help them make a very good and short-time recovery.,,386,0.1476306,Thank you.
465,0.0001168,Let‚Äôs see which road they choose.,,394,0.1476306,Thank you.
479,0.00010291,"Amy, your family‚Äôs sacrifice makes it possible for all of our families to live in safety and in peace, and we want to thank you.",,431,0.1476306,Thank you.
179,0.00010106,I want to look down on the world.‚Äù (Laughter and applause.),,445,0.1476306,Thank you.
145,9.42E-05,"Here this evening is a very brave man who carries with him the hopes, dreams, and aspirations of all Venezuelans.",,519,0.1476306,Thank you.
158,7.24E-05,But always remember: Freedom unifies the soul.,,422,0.14750432,Some people find God in nature.
194,5.93E-05,"Members of Congress, we must never forget that the only victories that matter in Washington are victories that deliver for the American people.",,210,0.14315553,"Stephanie, thank you so much for being here with your beautiful daughter."
463,5.44E-05,"It can all go very quickly, but perhaps they are too proud or too foolish to ask for that help.",,482,0.14312877,"But, Amy, there is one more thing."
409,4.98E-05,"Now we must embrace the next frontier, America‚Äôs manifest destiny in the stars.",,299,0.14195836,"Thank you, Kathryn."
196,4.22E-05,"The people are the heart of our country, their dreams are the soul of our country, and their love is what powers and sustains our country.",,312,0.1416895,Our goal should be to ensure that every baby has the best chance to thrive and grow just like Ellie.
197,4.22E-05,We must always remember that our job is to put America first.,,239,0.13851516,Always.
510,4.04E-05,"And here, on this land, on this soil, on this continent, the most incredible dreams come true.",,439,0.13252447,I am always with you.
408,3.99E-05,"In reaffirming our heritage as a free nation, we must remember that America has always been a frontier nation.",,214,0.13072762,"I can proudly announce tonight that an Opportunity Scholarship has become available, it‚Äôs going to you, and you will soon be heading to the school of your choice."
404,3.97E-05,"In America, we celebrate faith, we cherish religion, we lift our voices in prayer, and we raise our sights to the Glory of God.",,179,0.12415096,I want to look down on the world.‚Äù (Laughter and applause.)
433,2.82E-05,"Every day, America‚Äôs men and women in uniform demonstrate the infinite depth of love that dwells in the human heart.",,397,0.12150424,(Laughter and applause.)
317,2.22E-05,"Whether we are Republican, Democrat, or independent, surely we must all agree that every human life is a sacred gift from God.",,508,0.11198451,America is the place where anything can happen.
25,1.79E-05,The vision I will lay out this evening demonstrates how we are building the world‚Äôs most prosperous and inclusive society ‚Äî one where every citizen can join in America‚Äôs unparalleled success and where every community can take part in America‚Äôs extraordinary rise.,,463,0.10876616,"It can all go very quickly, but perhaps they are too proud or too foolish to ask for that help."
493,1.50E-05,"This is a place where greatness is born, where destinies are forged, and where legends come to life.",,207,0.05405109,She would do anything to give her daughter a better future.